id;name;description;store;price;affiliate_url;affiliate_url_2;image_url;created_at;updated_at
1;Selimut gambar hewan;Selimut yang nyaman dan nyaman dengan desain animal print yang sempurna untuk dipeluk sambil menonton video hewan di media sosial atau saat melukis.;Shopee;70000;https://shope.ee/2VL6HJ0aQK;"";https://down-ws-id.img.susercontent.com/03d9cce777cf404e4a3e86a688eefca5;2023-03-26 15:15:13;2023-03-26 15:15:13
2;Paint by Number;"Kegiatan yang menyenangkan dan santai bagi mereka yang suka melukis. Kit ini dilengkapi dengan kanvas, cat, dan kuas untuk menciptakan mahakarya yang indah.";Tokopedia;39000;https://tokopedia.link/PledGQhauyb;"";https://images.tokopedia.net/img/cache/700/VqbcmM/2021/4/12/a99e1df9-fb19-4923-a652-47ab82c183cf.jpg.webp;2023-03-26 15:19:47;2023-03-26 15:19:47
3;Casing Hp gambar hewan;Casing Hp bertema hewan untuk pencinta binatang;Shopee;36900;https://shope.ee/7A6vqU3HLW;"";https://down-ws-id.img.susercontent.com/0b5b9057b6b2b58e17e1d783e4e1677d;2023-03-26 15:23:47;2023-03-26 15:23:47
4;G-4800 Giorgione Water Color Paint Set 48 Warna Cat;Satu set cat air dan kuas baginya untuk mengeksplorasi hobbinya dalam melukis.;Tokopedia;160000;https://tokopedia.link/i5vZm2Oauyb;"";https://images.tokopedia.net/img/cache/500-square/VqbcmM/2021/12/11/4a6d7e9b-f7c4-4a83-843e-28dfebd34aca.jpg.webp?ect=4g;2023-03-26 15:27:41;2023-03-26 15:27:41
5;OILA headphone jack 3.5mm small animal cartoon;Pelindung headphone jack 3.5mm bertema hewan yang lucu;Shopee;2700;https://shope.ee/9zR7EAbyTO;"";https://down-ws-id.img.susercontent.com/f9aa30e776dda86b6a5eacf0f7b9d659;2023-03-26 15:29:49;2023-03-26 15:29:49
6;HAN RIVER Diffuser HRXXJ01 Humidifier putih;Diffuser adalah hadiah yang bagus untuk siapa saja yang suka bersantai dan menciptakan suasana yang menenangkan.;Shopee;95000;https://shope.ee/3fX3gsvOKo;"";https://down-ws-id.img.susercontent.com/sg-11134201-22110-p4kfyw8ascjva6.webp;2023-03-26 15:34:58;2023-03-26 15:34:58
7;Piyama Daster Loungewear ;Loungewear adalah pakaian santai yang nyaman adalah hadiah yang bagus untuk siapa saja yang suka tetap nyaman dan nyaman di rumah.;Tokopedia;89900;https://tokopedia.link/PkVs6Llcuyb;"";https://images.tokopedia.net/img/cache/500-square/VqbcmM/2022/12/23/f091d8d1-1afb-4416-9806-d8030eb8d4e8.png.webp?ect=4g;2023-03-26 15:48:08;2023-03-26 15:48:08
8;CANEL & CO Teko Listrik Pemanas Air Electric Kettle ketel besar otomatis stainless 2.0L;Ketel listrik adalah hadiah yang berguna dan praktis bagi seseorang yang suka menikmati secangkir teh atau kopi hangat.;Shopee;69900;https://shope.ee/LGbk65cuY;"";https://down-ws-id.img.susercontent.com/543d7f88fc675aaa926709da6fbb490f;2023-03-26 15:53:01;2023-03-26 15:53:01
9;Kadonio Lampu Led Strip RGB Warna Warni IP65waterproof Adaptor kontrol ;"Lampu strip LED dapat menambahkan sentuhan yang menyenangkan dan trendi ke ruang tamu mana pun, cocok untuk seseorang dengan selera mode trendi";Tokopedia;37000;https://tokopedia.link/LNEWLmTcuyb;"";https://images.tokopedia.net/img/cache/500-square/VqbcmM/2022/12/1/7830d73d-8bf6-4bf5-95dc-3055df267147.jpg.webp?ect=4g;2023-03-26 15:55:02;2023-03-26 15:55:02
10;Adult Coloring Book;Buku mewarnai dewasa adalah hadiah yang bagus untuk seseorang yang suka bersantai dan bersantai.;Shopee;18000;https://shope.ee/AxBY0Vo93;"";https://down-aka-id.img.susercontent.com/8ad65c70637839446b53b2beb5e898a6;2023-03-26 15:56:51;2023-03-26 15:56:51
11;Hydro Flask Wide Mouth Flex Sip Lid 20 oz Water Bottle ;Botol air kekinian yang membuat minuman tetap dingin hingga 24 jam atau panas hingga 12 jam. Sempurna untuk tetap terhidrasi saat bepergian.;Shopee;599000;https://shope.ee/4KmneqkO2Z;"";https://down-ws-id.img.susercontent.com/06615d3ef0ddb021efdd923153f3fbcf;2023-03-28 15:23:01;2023-03-28 15:23:01
12;Fujifilm Instax Mini 11 Instant Camera;Kamera instan yang menyenangkan dan trendi yang memungkinkan Anda menangkap dan mencetak kenangan di tempat. Bagus untuk mengambil foto dengan teman dan mendokumentasikan petualangan.;Tokopedia;1049000;https://tokopedia.link/YezIzNyuxyb;"";https://images.tokopedia.net/img/cache/500-square/VqbcmM/2023/3/1/fa381c44-1eb1-48b7-a4c4-313ca22aac6c.jpg.webp?ect=4g;2023-03-28 15:25:27;2023-03-28 15:25:27
13;Baseus Time Aromatherapy;Diffuser minyak esensial yang memenuhi ruangan dengan aroma yang menenangkan dan menciptakan suasana yang menenangkan. Sempurna untuk penyembuhan diri dan relaksasi.;Tokopedia;268000;https://tokopedia.link/mrWEamOuxyb;"";https://images.tokopedia.net/img/cache/500-square/VqbcmM/2021/5/29/942e7e93-e043-4e03-a5e7-6b09a74032e5.png.webp?ect=4g;2023-03-28 15:27:38;2023-03-28 15:27:38
14;Humidifier Diffuser Aromatherapy Essential Oil;Diffuser aromatherapy yang memenuhi ruangan dengan aroma yang menenangkan dan menciptakan suasana yang menenangkan. Sempurna untuk penyembuhan diri dan relaksasi.;Shopee;70000;https://shope.ee/4ATNTC4GdK;"";https://down-ws-id.img.susercontent.com/d7f14f96b4004c8e405ef3bc222bbd0f;2023-03-28 15:29:13;2023-03-28 15:29:13
15;Betah Lega Cough and Flu Essential Oil Diffuser H;"Diffuser minyak esensial yang memenuhi ruangan dengan aroma yang menenangkan dan menciptakan suasana yang menenangkan. Sempurna untuk penyembuhan diri dan relaksasi.
";Shopee;89000;https://shope.ee/9UUtp7BvyT;"";https://down-ws-id.img.susercontent.com/id-11134201-7qul5-lev658jvzxo5bc.webp;2023-03-28 15:30:57;2023-03-28 15:30:57
16;Pop Socket 3D PopSoket Pop ;"Aksesori handphone yang memudahkan untuk memegang dan menggunakan telepon Anda, dan berfungsi ganda sebagai dudukan untuk menonton video. 

Hadir dalam berbagai desain trendi.";Shopee;6450;https://shope.ee/LGeuRkr7w;"";https://down-ws-id.img.susercontent.com/ded85f13eb1ae5d1749fc777874a2ce8;2023-03-28 15:33:17;2023-03-28 15:33:17
17;Fujifilm Instax Mini 11 Case;Kasing lucu dan pelindung untuk kamera Fujifilm Instax Mini 11. Hadir dalam berbagai warna dan desain trendi.;Tokopedia;65000;https://tokopedia.link/IPqknnivxyb;"";https://images.tokopedia.net/img/cache/500-square/hDjmkQ/2022/11/29/48873e31-4fc2-4f69-b920-604917d77e4b.jpg.webp?ect=4g;2023-03-28 15:35:28;2023-03-28 15:35:28
18;Hardcase Fujifilm Instax Mini 11 ;Kasing lucu dan pelindung untuk kamera Fujifilm Instax Mini 11. Hadir dalam berbagai warna dan desain trendi.;Shopee;65000;https://shope.ee/4fPe4npBgm;"";https://down-ws-id.img.susercontent.com/207eb1a382aa7dde39e44cdd162087fa;2023-03-28 15:37:52;2023-03-28 15:37:52
19;Ekleva YG220 Mini Portable Projector;Proyektor mini yang dapat digunakan untuk memproyeksikan film atau video dari ponsel Anda ke dinding atau layar. Bagus untuk menonton dan bergaul dengan teman-teman.;Shopee;609000;https://shope.ee/5Uyl4dR8ng;"";https://down-ws-id.img.susercontent.com/4a851a84bb890267216baefaaa33634e;2023-03-28 15:43:03;2023-03-28 15:43:03
20;Mini Portable LED Home Projector ;Proyektor mini yang dapat digunakan untuk memproyeksikan film atau video dari ponsel Anda ke dinding atau layar. Bagus untuk menonton gosip dan bergaul dengan teman-teman.;Tokopedia;1099000;https://tokopedia.link/M2lmmrYvxyb;"";https://images.tokopedia.net/img/cache/500-square/VqbcmM/2022/11/3/0ecc9f46-2ed0-48d7-9ab9-c2f1b4aef902.jpg.webp?ect=4g;2023-03-28 15:44:25;2023-03-28 15:44:25
21;Weighted Blanket;Selimut berbobot yang nyaman dan aman untuk membantu relaksasi dan mengatasi anxiety.;Shopee;849000;https://shope.ee/drj8akeQ;"";https://down-ws-id.img.susercontent.com/871f649e070709c34bc39047edbc118a;2023-03-30 15:55:32;2023-03-30 15:55:32
22;Microphone Mic Clip On Wireless 2.4Ghz;Mikrofon berkualitas tinggi yang dirancang untuk pembuatan konten ASMR.;Shopee;260000;https://shope.ee/6AEV4bammm;"";https://down-ws-id.img.susercontent.com/sg-11134201-23010-705p7pepetmv6a.webp;2023-03-30 15:57:13;2023-03-30 15:57:13
23;Kenshington - Spa Gift Set;Set hadiah spa untuk spa santai di rumah.;Tokopedia;348000;https://tokopedia.link/3JLtMEPQAyb;"";https://images.tokopedia.net/img/cache/500-square/VqbcmM/2021/7/8/ff105aa7-1757-4f49-a490-1f2dfd745949.jpg.webp?ect=4g;2023-03-30 16:00:00;2023-03-30 16:00:00
24;Sweater Hoodie Streetwear;Hoodie streetwear yang stylish dan nyaman dengan desain yang trendi.;Shopee;163800;https://shope.ee/5fIEUHnw3V;"";https://down-aka-id.img.susercontent.com/sg-11134201-22120-hgt3c8v3oykv7a.webp;2023-03-30 16:06:29;2023-03-30 16:06:29
25;Blender Portable mini Kapsul;Blender yang ringkas dan nyaman untuk membuat smoothies sehat dan protein shake saat bepergian.;Shopee;74700;https://shope.ee/2py37CeAMb;"";https://down-aka-id.img.susercontent.com/596ca229d91fa7c08b78a5995fcb50e9;2023-03-30 16:07:45;2023-03-30 16:07:45
26;Headset Bluetooth TWS Inpods;Headphone wireless berkualitas tinggi untuk mendengarkan musik saat berolahraga.;Shopee;40400;https://shope.ee/9eoNFtbFZf;"";https://down-aka-id.img.susercontent.com/sg-11134201-22120-95x4u4qxcpkv86.webp;2023-03-30 16:09:45;2023-03-30 16:09:45
27;MINIBEST Macaron I13 Pro Bluetooth Earphone Wireless Headphones ;Headphone nirkabel berkualitas tinggi untuk mendengarkan musik saat berolahraga.;Shopee;47900;https://shope.ee/ftYXROkQi;"";https://down-aka-id.img.susercontent.com/id-11134201-23030-17c13f503wov26.webp;2023-03-30 16:10:31;2023-03-30 16:10:31
28;SonicGear Airphone 7 Bluetooth Headphones With Microphone;Headphone nirkabel berkualitas tinggi untuk mendengarkan musik saat berolahraga;Shopee;189000;https://shope.ee/7zg9GxrM9q;"";https://down-aka-id.img.susercontent.com/70fc95f07865a53994e9a20ccec0de50;2023-03-30 16:11:20;2023-03-30 16:11:20
29;Fashion Food Brand Camera Protect iPhone;Casing ponsel yang lucu dengan desain foodie;Shopee;29909;https://shope.ee/5UyoITcFn7;"";https://down-aka-id.img.susercontent.com/f83d7d367b5220a4be94e1a931fcf90b;2023-03-30 16:13:03;2023-03-30 16:13:03
30;SPEEDS Alat Masak Camping 2in1 Nesting Panci;Kit memasak camping untuk membuat makanan lezat saat camping;Tokopedia;66500;https://tokopedia.link/adO068WRAyb;"";https://images.tokopedia.net/img/cache/500-square/hDjmkQ/2023/2/1/50c3dda1-3447-44c6-aa18-6e2c551212b1.jpg.webp?ect=4g;2023-03-30 16:15:38;2023-03-30 16:15:38
31;Oxone Set Pisau / Knife Set Black Marble 6 Pcs;"Satu set pisau berkualitas tinggi akan sempurna untuk seseorang yang suka memasak dan menonton video memasak. 

Satu set pisau yang baik dapat membuat perbedaan besar dalam kualitas masakan Anda.";Shopee;167100;https://shope.ee/4ATaIKPNaw;"";https://down-aka-id.img.susercontent.com/decc48fdfecae03acb23679b636f27ab;2023-04-05 16:26:15;2023-04-05 16:26:15
32;Celemek plastik motif karakter;"Celemek bisa menjadi hadiah yang bagus untuk seseorang yang suka memasak dan membuat konten.
";Shopee;3148;https://shope.ee/AK4DdrNnY9;"";https://down-aka-id.img.susercontent.com/id-11134201-23020-proudsbm6tnv39.webp;2023-04-05 16:29:07;2023-04-05 16:29:07
33;Rearth Paracord Colorful Lanyard ;"Bagi seseorang yang menghabiskan hari kerja mereka membuat konten, lanyard kamera berwarna-warni bisa menjadi hadiah yang menyenangkan dan praktis. 
";Shopee;49500;https://shope.ee/7A7BsFH3jj;"";https://down-aka-id.img.susercontent.com/45a76a9fd219edc36045226802bd9ce3;2023-04-05 16:33:38;2023-04-05 16:33:38
34;Tote bag Art Printing Planet Full Colo;"Tote bag bisa menjadi hadiah yang menyenangkan dan fungsional bagi seseorang dengan selera fashion yang penuh warna.

Tas ini dapat digunakan untuk membawa segala sesuatu.";Shopee;8999;https://shope.ee/7A7BsQCkld;"";https://down-aka-id.img.susercontent.com/77bdb8f40b78febc06cdc1cf39df3e47;2023-04-05 16:35:21;2023-04-05 16:35:21
35;Inone Smartband Bluetooth Fitness Tracker;"Fitness tracker adalah hadiah yang sempurna untuk seseorang yang suka berolahraga. 

Melacak kemajuan mereka, menetapkan tujuan, dan membantu mereka tetap termotivasi.";Shopee;89900;https://shope.ee/7zgIsUnFmC;"";https://down-aka-id.img.susercontent.com/sg-11134201-23010-wompcgmjbpmv88.webp;2023-04-05 16:42:33;2023-04-05 16:42:33
36;Elli Jewelry Perhiasan Wanita Perak Asli - Silver Cincin Glamorous Crystals;"Untuk seseorang dengan selera mode glamor, perhiasan bisa menjadi hadiah yang sempurna. 
";Shopee;329000;https://shope.ee/9eoWrgqX4d;"";https://down-aka-id.img.susercontent.com/eec44eb24a05ab7502793953787a5655;2023-04-05 16:44:31;2023-04-05 16:44:31
37;Elli Jewelry Perhiasan Wanita Perak Asli - Silver Anting Glamorous Crystals Gold Plated;"Untuk seseorang dengan selera mode glamor, perhiasan bisa menjadi hadiah yang sempurna. ";Shopee;1119000;https://shope.ee/89zj4zUMlg;"";https://down-aka-id.img.susercontent.com/84f60534df7adea7b5d18039e4c0a2bf;2023-04-05 16:45:26;2023-04-05 16:45:26
38;"Tas Travel Bag / Tas Gym / Tas Pulkam / Tas Backpacker, Duffel Bag";"Tas olahraga adalah hadiah yang bijaksana dan praktis untuk seseorang yang suka berolahraga. 
";Shopee;90000;https://shope.ee/AUNdrRYuC1;"";https://down-aka-id.img.susercontent.com/38e95f6a7eba0edaaaad97c6e4399eb1;2023-04-05 16:51:12;2023-04-05 16:51:12
39;Tas Serut Anti Air Terlengkap - Tas Ransel Olahraga;Tas olahraga yang dipersonalisasi adalah hadiah yang bijaksana dan praktis untuk seseorang yang suka berolahraga. ;Shopee;10000;https://shope.ee/qD8M0Wpxh;"";https://down-aka-id.img.susercontent.com/05cf1b9f2a48bf8189a70137721a02a9;2023-04-05 16:52:29;2023-04-05 16:52:29
40;"Yoga Mat, Tas Sarung dan Strap";Yoga mat adalah hadiah yang bijaksana dan praktis untuk seseorang yang suka berolahraga.;Shopee;8000;https://shope.ee/6KY4u9ocUa;"";https://down-aka-id.img.susercontent.com/81555cf01e678d8567cc426c5933a9b3;2023-04-05 16:54:03;2023-04-05 16:54:03
41;Baju Handuk Kimono Mandi Karakter Daster Tidur Wanita;"Setelah berolahraga, tidak ada yang lebih baik daripada mengenakan jubah mandi yang nyaman. 

Pertimbangkan pilihan mewah dan lembut untuk hadiah yang benar-benar memanjakan.
";Shopee;13949;https://shope.ee/1L9Ox505ES;"";https://down-aka-id.img.susercontent.com/75e5ba202ec260d42701c363833d78b7;2023-04-05 16:56:30;2023-04-05 16:56:30
42;Amazon Echo Dot 3rd Gen Alexa Voice Control Smart Speaker;"Speaker pintar dengan kontrol suara yang dapat memutar musik, mengatur alarm, menjawab pertanyaan, dan mengontrol perangkat smart home yang kompatibel. 
";Shopee;540000;https://shope.ee/6UrctIUJ9s;"";https://down-ws-id.img.susercontent.com/9469d866a690915cbd43e778af3c605c;2023-04-10 14:04:40;2023-04-10 14:04:40
43;BARDI Smart LIGHT BULB RGBWW 12W Wifi Wireless IoT - (Lampu Tidur Kekinian);"Lampu pintar yang dapat dikontrol oleh aplikasi smartphone atau asisten suara seperti Alexa atau Google Assistant. 

Lampu ini dapat berubah warna dan kecerahan, dan sangat cocok untuk seseorang yang suka mendekorasi rumah mereka";Shopee;126000;https://shope.ee/9KBoGbYhGs;"";https://down-ws-id.img.susercontent.com/sg-11134201-23010-hkz9ov44dxmvbe.webp;2023-04-10 14:09:22;2023-04-10 14:09:22
44;Wooden Book Stand Cookbook Stand Holder Penyangga Buku Laptop Tablet Kanvas Lukis Gambar Kayu;"Stand Buku cocok untuk orang yang gemar dirumah, dan membaca buku";Shopee;118750;https://shope.ee/8zYxsM0HE0;"";https://down-ws-id.img.susercontent.com/sg-11134201-23010-8832hf9sprmvcf.webp;2023-04-10 14:11:19;2023-04-10 14:11:19
45;LATERIE Gelas Keramik Mug 200/350Ml Motif Bunga Sakura 4 Warna;Ini sangat cocok untuk seseorang yang suka minum kopi atau teh di rumah dan ingin menambahkan sentuhan pribadi pada rutinitas pagi mereka.;Shopee;15000;https://shope.ee/3Kub835PUG;"";https://down-ws-id.img.susercontent.com/b253c9ef21d7f29b95dae8efbb8289d1;2023-04-10 14:13:26;2023-04-10 14:13:26
46;HAPPYFIT - Resistance Loop Bands / Loop Band / Karet Gym & Fitness;"Satu set band resistensi yang dapat digunakan untuk berbagai latihan, termasuk latihan kekuatan dan yoga. 

Ini sangat cocok untuk seseorang yang suka menonton video latihan di media sosial dan ingin mencoba latihan baru di rumah atau bersama teman.";Shopee;22000;https://shope.ee/6fB36k5KAK;"";https://down-ws-id.img.susercontent.com/0980215f1acba197921da81f783f1c65;2023-04-10 14:21:14;2023-04-10 14:21:14
47;Acome Speaker Bluetooth 5.0 Portable Ultra Bass;"Speaker Bluetooth portabel yang dapat dibawa ke mana saja, dari taman ke rumah teman. 

Ini sangat cocok untuk seseorang yang suka bergaul dengan teman-teman di akhir pekan dan ingin membawa musik favorit mereka.";Shopee;69900;https://shope.ee/4ATi8EysJY;"";https://down-ws-id.img.susercontent.com/sg-11134201-22110-08yl037t7xjv19.webp;2023-04-10 14:23:34;2023-04-10 14:23:34
48;Buku Belajar Resep Masak Masakan Makan Makanan Let`s Go Kitchen Best Seller;"Buku resep yang menampilkan ide untuk mengadakan pesta makan malam dan pertemuan lainnya. 

Ini sangat cocok untuk seseorang yang suka bergaul dengan teman-teman dan ingin mengesankan mereka dengan makanan lezat.";Shopee;55800;https://shope.ee/10WgNn2zd3;"";https://down-ws-id.img.susercontent.com/aeb5ffd59ca5c5ae40471fa8995bb9e0;2023-04-10 14:43:04;2023-04-10 14:43:04
49;My Bottle Kotak Botol Minum Model Baru Persegi;"Botol air dengan pesan atau gambar lucu atau bermakna. 

Ini sangat cocok untuk seseorang yang ingin tetap terhidrasi saat berolahraga atau bergaul dengan teman-teman, dan ingin menambahkan sentuhan pribadi pada aksesori mereka.	";Shopee;4099;https://shope.ee/4ATi9n06dA;"";https://down-ws-id.img.susercontent.com/sg-11134201-22120-wgk99ps55klv77.webp;2023-04-10 14:44:39;2023-04-10 14:44:39
50;Premium Yoga Matt Tebel 8mm X 63cm X 173cm;"Yoga mat adalah hadiah yang bijaksana dan praktis untuk seseorang yang suka berolahraga. 

Membantu mereka mempraktikan gerakan2 yoga";Shopee;46900;https://shope.ee/10WgO58vAb;"";https://down-ws-id.img.susercontent.com/6a18929dd6dc725f08707575420248cf;2023-04-10 14:47:02;2023-04-10 14:47:02
51;Samsung Galaxy Watch4 Fresh (40mm);"Smartwatch yang stylish dan sporty yang melacak aktivitas harian, tidur, dan detak jantung, serta menyediakan latihan di layar dan kontrol musik";Tokopedia;2249000;https://tokopedia.link/8farrdaqWyb;"";https://images.tokopedia.net/img/cache/500-square/VqbcmM/2022/1/19/228a0791-ba18-47dd-a964-8cd8f94f9dfa.png.webp?ect=4g;2023-04-12 15:54:07;2023-04-12 15:54:07
52;Baseus Encok WM01 True Wireless Bluetooth ;Earbud berkualitas tinggi dengan kualitas suara yang sangat baik dan nyaman untuk penggunaan aktif.;Shopee;189000;https://shope.ee/2pyNqB2Pea;"";https://down-ws-id.img.susercontent.com/sg-11134201-22110-j6528a041gkv4e.webp;2023-04-12 15:59:44;2023-04-12 15:59:44
53;JBL Go 2 Portable Bluetooth Speaker;Speaker tahan lama yang menghadirkan suara berkualitas tinggi dan dapat dibawa saat bepergian.;Shopee;384450;https://shope.ee/VaT4EBCR1;"";https://down-ws-id.img.susercontent.com/40a83134c52ce31b4bfcdc798238813b;2023-04-12 16:04:09;2023-04-12 16:04:09
54;Tas olahraga Nike Gym Sport fitness Travel Bag Multifungsi;Tas olahraga yang luas dan bergaya yang sempurna untuk membawa perlengkapan dan aksesori olahraga.;Shopee;159800;https://shope.ee/5Uz91ikcxk;"";https://down-ws-id.img.susercontent.com/sg-11134201-22110-u0yw5a7ar0jvd5.webp;2023-04-12 16:08:22;2023-04-12 16:08:22
55;Polarized Sports Sunglasses Men Women Driving Square Frame Eyewear Male Goggle UV400;Kacamata hitam ramping dan sporty yang menawarkan perlindungan UV penuh dan sempurna untuk aktivitas di luar ruangan.;Shopee;10382;https://shope.ee/10WjfmJwMz;"";https://down-ws-id.img.susercontent.com/112d337e0e308631ffbb0f2de914ddba;2023-04-12 16:13:17;2023-04-12 16:13:17
56;"Custom Pet Portrait/illustration Printed On Frame 8r (20x30)
";Potret pribadi hewan peliharaan kesayangannya yang dapat dipajang di rumahnya;Shopee;180000;https://shope.ee/10Wjgsjc1o;"";https://down-ws-id.img.susercontent.com/d522820befc3ae65f5aab93baf0661a5;2023-04-12 16:30:40;2023-04-12 16:30:40
57;Cozy Home Slippers Sandal Garis Comfy Modis Empuk Sandal Rumahan;Sandal hangat dan nyaman yang sempurna untuk bersantai di sekitar rumah.;Shopee;26600;https://shope.ee/1Aq9tXI9GS;"";https://down-aka-id.img.susercontent.com/0f0a39d1fa87f66273f0c143110bf2b1;2023-04-12 16:34:13;2023-04-12 16:34:13
58;TEADUR - 7 kg Premium Weighted Blanket Set;Selimut berat yang nyaman dan nyaman yang dapat membantu mengurangi stres dan meningkatkan relaksasi;Shopee;799000;https://shope.ee/1Aq9tivq7h;"";https://down-aka-id.img.susercontent.com/d5c1fea97e7095f0a14a1373730c7c91;2023-04-12 16:36:50;2023-04-12 16:36:50
59;"Amazon Kindle Paperwhite 11th Gen 6.8"" Inch 32GB 8GB E-Book Reader";"E-reader ringan dan portabel yang memungkinkannya membaca buku, majalah, dan koran dari kenyamanan rumahnya sendiri.";Shopee;295800;https://shope.ee/6pUWeFotuq;"";https://down-aka-id.img.susercontent.com/id-11134207-23010-m8w4ak36z9lv4c.webp;2023-04-12 16:38:30;2023-04-12 16:38:30
60;Amazon New Kindle 10th Gen Paperwhite 8GB eReader eBook Black;"E-reader ringan dan portabel yang memungkinkannya membaca buku, majalah, dan koran dari kenyamanan rumahnya sendiri.";Tokopedia;1699000;https://tokopedia.link/5zfYKCytWyb;"";https://images.tokopedia.net/img/cache/500-square/VqbcmM/2021/6/30/18d4996c-2910-4dc1-8019-144f1c7942ef.jpg.webp?ect=4g;2023-04-12 16:42:19;2023-04-12 16:42:19
61;HAN RIVER Diffuser;"Diffuser yang melepaskan minyak esensial ke udara, menciptakan suasana yang menenangkan dan santai.";Shopee;99000;https://shope.ee/2L27IQPvJj;"";https://down-aka-id.img.susercontent.com/sg-11134201-22110-p4kfyw8ascjva6.webp;2023-04-12 16:44:44;2023-04-12 16:44:44
62;[Pre-Order] The Originote Ceramella Sunscreen SPF50 PA+++ Serum Sunscreen untuk Skin Barrier Protect Melindungi dari Sinar Matahari with Ceramide Vitamin C【BPOM】;Sunscreen dapat bermanfaat untuk mereka yang suka beraktifitas di luar ruangan;Shopee;40000;https://shope.ee/6fB7xdar4O;"";https://down-ws-id.img.susercontent.com/id-11134207-7qul9-lf10pzmfjq130d.webp;2023-04-13 15:21:59;2023-04-13 15:21:59
63;Madame Gie Madame Protect Me Sunscreen SPF 30 PA +++ With Calendula - Skincare Sunblock;Sunscreen sangat bermanfaat bagi mereka yang beraktifitas diluar ruangan;Shopee;25000;https://shope.ee/4KnDBTPJt2;"";https://down-ws-id.img.susercontent.com/bcd80980022ffccf593f4b30a7f5ab16;2023-04-13 15:24:23;2023-04-13 15:24:23
64;SKINTIFIC All Day Light Sunscreen Mist SPF50 PA++++ Sunscreen Spray Anti UV Wajah/Body Spray 50ml;Sunscreen sangat bermanfaat bagi mereka yang beraktifitas diluar ruangan;Shopee;79000;https://shope.ee/AK4QKYnavA;"";https://down-ws-id.img.susercontent.com/27590ac5849b460255b6a96ab51d25d8;2023-04-13 15:25:04;2023-04-13 15:25:04
65;[GEL] Azarine Hydrasoothe Sunscreen Gel SPF45 PA++++ 50ml;Sunscreen sangat berguna bagi mereka yang beraktifitas diluar ruangan;Shopee;58500;https://shope.ee/1fmS0haZST;"";https://down-ws-id.img.susercontent.com/sg-11134201-22120-vviskqqg6rkv1c.webp;2023-04-13 15:26:16;2023-04-13 15:26:16
66;Notebook Ring Motif / Buku A7 Catatan Ring / Buku Tulis Ring;"Penerima hadiah dapat menggunakan buku catatan ini untuk menuliskan pemikiran, ide, dan tujuan mereka. 

";Shopee;4150;https://shope.ee/5UzAaZwEG9;"";https://down-ws-id.img.susercontent.com/sg-11134201-22110-qivc9d926cjv50.webp;2023-04-13 15:44:14;2023-04-13 15:44:14
67;Note book A5 Vintage Aesthetic / Sketchbook / Transparant / Notebook Cover Hitam/ Cover Kraft (50 lembar/ 100 Halaman);"Penerima hadiah dapat menggunakan buku catatan ini untuk menuliskan pemikiran, ide, dan tujuan mereka. ";Shopee;9199;https://shope.ee/6KYHacy4Zy;"";https://down-ws-id.img.susercontent.com/bfd8d4927865a8b00231b174e97c8fe4;2023-04-13 15:46:05;2023-04-13 15:46:05
68;Bozlun Smartwatch Bluetooth Smartband Fitness Tracker;"Smart Watch dapat membantu penerima hadiah memantau tingkat aktivitas harian mereka, melacak latihan mereka, dan tetap termotivasi untuk mencapai tujuan kebugaran mereka. 

Ini adalah aksesori praktis dan bergaya untuk seseorang dengan selera mode sporty.";S;279000;https://shope.ee/4pjTpI7cwK;"";https://down-ws-id.img.susercontent.com/id-11134201-23030-ez01kaiq3nov1d.webp;2023-04-13 16:08:55;2023-04-13 16:08:55
69;"HONOR Band 6 | Smart band Original 1.47"" AMOLED screen SpO2 Blood Oxygen Heart rate monitor Fitness Tracker";"Smart Watch dapat membantu penerima hadiah memantau tingkat aktivitas harian mereka, melacak latihan mereka, dan tetap termotivasi untuk mencapai tujuan kebugaran mereka. Ini adalah aksesori praktis dan bergaya untuk seseorang dengan selera mode sporty.";Shopee;399000;https://shope.ee/3AbFqUGJAi;"";https://down-ws-id.img.susercontent.com/id-11134207-7qukx-lff8po3wec1654.webp;2023-04-13 16:10:25;2023-04-13 16:10:25
70;HEYLOOK Official - Tas River Pria Tas Laptop Punggung Backpack Wanita Kuliah;Tas ransel adalah hadiah praktis untuk seseorang yang bepergian ke kantor atau suka membawa laptop saat bepergian. ;Shopee;119000;https://shope.ee/ftustZqCr;"";https://down-aka-id.img.susercontent.com/id-11134201-23030-lfzddhi55fov68.webp;2023-04-13 16:26:32;2023-04-13 16:26:32
71;Freeknight Tas Ransel Backpack Fashion Tas Punggung Sport Unisex Tas Laptop USB Charge;Tas ransel adalah hadiah praktis untuk seseorang yang bepergian ke kantor atau suka membawa laptop saat bepergian. Carilah desain stylish dan sporty yang sesuai dengan selera penerima hadiah.;Shopee;159000;https://shope.ee/10WlHgufFx;"";https://down-aka-id.img.susercontent.com/536540311478f7e424051da588b3f713;2023-04-13 16:29:08;2023-04-13 16:29:08
72;Xiaomi mibro GS sport smartwatch 1.43'inch amoled display GPS;"Jam tangan pintar akan sempurna untuk seseorang yang menikmati teknologi. 

Mereka dapat menggunakannya untuk tetap terhubung ke media sosial, menerima pemberitahuan, dan melacak kebugaran mereka. 
";Shopee;1099000;https://shope.ee/6UrmyYpPCo;"";https://down-ws-id.img.susercontent.com/id-11134207-7qukx-lf53uqk85oal3b.webp;2023-04-16 21:49:42;2023-04-16 21:49:42
73;XIAOMI Smartband M5 M6 M7 Jam Tangan Smartwatch Bluetooth Smartband Waterproof ;"Jam tangan pintar akan sempurna untuk seseorang yang menikmati teknologi. 

Mereka dapat menggunakannya untuk tetap terhubung ke media sosial, menerima pemberitahuan, dan melacak kebugaran mereka. ";Shopee;79990;https://shope.ee/8ewHYnwlGa;"";https://down-ws-id.img.susercontent.com/c7844b7c2903bad0dfcb412f2dba6af3;2023-04-16 21:54:46;2023-04-16 21:54:46
74;Xiaomi Redmi Mi Watch 2 Lite Smart Watch - Jam Watch 2 LITE 1.55inch TFT Screen GPS Smartwatch Sport WaterProof;"Jam tangan pintar akan sempurna untuk seseorang yang menikmati teknologi. 

Mereka dapat menggunakannya untuk tetap terhubung ke media sosial, menerima pemberitahuan, dan melacak kebugaran mereka. ";Shopee;699000;https://shope.ee/2ff4PxEsty;"";https://down-ws-id.img.susercontent.com/sg-11134201-22110-zpnied9kcrjvfe.webp;2023-04-16 21:55:54;2023-04-16 21:55:54
75;Xiaomi Mi Band 6 AMOLED Miband 6 Smartwatch;"Jam tangan pintar akan sempurna untuk seseorang yang menikmati teknologi. 

Mereka dapat menggunakannya untuk tetap terhubung ke media sosial, menerima pemberitahuan, dan melacak kebugaran mereka.";Shopee;559000;https://shope.ee/8ewHZI6dpx;"";https://down-ws-id.img.susercontent.com/sg-11134201-23020-xjee36swj8mv7f.webp;2023-04-16 22:00:20;2023-04-16 22:00:20
76;Xiaomi Redmi Watch 2 Lite Smartwatch;"Jam tangan pintar akan sempurna untuk seseorang yang menikmati teknologi. 

Mereka dapat menggunakannya untuk tetap terhubung ke media sosial, menerima pemberitahuan, dan melacak kebugaran mereka.";Shopee;759000;https://shope.ee/9KByMcjbmR;"";https://down-ws-id.img.susercontent.com/id-11134201-23030-dhbad1l6mfov5f.webp;2023-04-16 22:01:09;2023-04-16 22:01:09
77;Xiaomi Mi Band 7 Amoled;"Jam tangan pintar akan sempurna untuk seseorang yang menikmati teknologi. 

Mereka dapat menggunakannya untuk tetap terhubung ke media sosial, menerima pemberitahuan, dan melacak kebugaran mereka.";Shopee;599000;https://shope.ee/7KQtyyQ5Je;"";https://down-ws-id.img.susercontent.com/19a9aa515c1dceda2f430bba75ef0b18;2023-04-16 22:01:59;2023-04-16 22:01:59
78;"Tripod Hp Mini HD30 HD-30 Tripot Standing Handphone dan Kamera Phone Stand Holder
";"Jika penerima menghabiskan hari kerja mereka membuat konten, tripod telepon bisa menjadi alat yang bermanfaat bagi mereka. 


Mereka dapat menggunakannya untuk menstabilkan ponsel mereka saat merekam video atau mengambil foto. Penerima juga dapat menggunakannya untuk panggilan atau rapat virtual.";Shopee;6675;https://shope.ee/8A00z3vIf6;"";https://down-ws-id.img.susercontent.com/36bc915428cecef0f12d92a2d24db8c7;2023-04-16 22:10:19;2023-04-16 22:10:19
79;Tripod Mount Smartphone Holder Bracket Clamp Phone Clip Vlog Tongsis Selfie;"Jika penerima menghabiskan hari kerja mereka membuat konten, tripod telepon bisa menjadi alat yang bermanfaat bagi mereka. 

Mereka dapat menggunakannya untuk menstabilkan ponsel mereka saat merekam video atau mengambil foto. Penerima juga dapat menggunakannya untuk panggilan atau rapat virtual.";Shopee;8624;https://shope.ee/7KQtzaSKkC;"";https://down-ws-id.img.susercontent.com/15b65e56295d89e5d2d32d0820da80cb;2023-04-16 22:11:15;2023-04-16 22:11:15
80;Overhead Tripod hp Ring Light Tripod Lazypod Phone Bracket Phone Holder;"Jika penerima menghabiskan hari kerja mereka membuat konten, tripod telepon bisa menjadi alat yang bermanfaat bagi mereka. 

Mereka dapat menggunakannya untuk menstabilkan ponsel mereka saat merekam video atau mengambil foto. Penerima juga dapat menggunakannya untuk panggilan atau rapat virtual.";Shopee;73500;https://shope.ee/6KYMnouViY;"";https://down-ws-id.img.susercontent.com/sg-11134201-23020-1bfabhvs2zmvfb.webp;2023-04-16 22:12:08;2023-04-16 22:12:08
81;D-30 Tripod Support Mini Phone Stand Holder HD30;"Jika penerima menghabiskan hari kerja mereka membuat konten, tripod telepon bisa menjadi alat yang bermanfaat bagi mereka. 

Mereka dapat menggunakannya untuk menstabilkan ponsel mereka saat merekam video atau mengambil foto. Penerima juga dapat menggunakannya untuk panggilan atau rapat virtual.";Shopee;7250;https://shope.ee/5Kfpc3RucK;"";https://down-ws-id.img.susercontent.com/7c68d717d4e3af0751ad9ec93d9d3341;2023-04-16 22:13:02;2023-04-16 22:13:02
82;MTE Bohlam Speaker Musik Bluetooth 2 in 1 - Lampu Speaker LED;"Speaker Bluetooth bisa menjadi cara yang bagus untuk menikmati musik atau media lain tanpa perlu headphone. 

Ini juga dapat digunakan untuk rapat virtual atau untuk memutar musik latar saat bekerja. ";Shopee;23000;https://shope.ee/9KByO9TIhd;"";https://down-ws-id.img.susercontent.com/sg-11134201-23020-5ax7wr8yr1mv94.webp;2023-04-16 22:24:26;2023-04-16 22:24:26
83;"Speaker Bluetooth Portable 3"" type 5009 Free Microphone";"Speaker Bluetooth bisa menjadi cara yang bagus untuk menikmati musik atau media lain tanpa perlu headphone. 

Ini juga dapat digunakan untuk rapat virtual atau untuk memutar musik latar saat bekerja. ";Shopee;42500;https://shope.ee/5AMPQbOSfL;"";https://down-ws-id.img.susercontent.com/bf2ed0499ad81a93bb912b2ef9146664;2023-04-16 22:25:15;2023-04-16 22:25:15
84;ovitech Speaker Bluetooth 5.0 Jam Alarm LED Display Ultra Bass S10;"Speaker Bluetooth bisa menjadi cara yang bagus untuk menikmati musik atau media lain tanpa perlu headphone. 

Ini juga dapat digunakan untuk rapat virtual atau untuk memutar musik latar saat bekerja. ";Shopee;59900;https://shope.ee/8zZ7zgvJse;"";https://down-ws-id.img.susercontent.com/349241c25bd712cf11009b6658f4cbfa;2023-04-16 22:25:55;2023-04-16 22:25:55
85;Speaker Jam Bluetooth Portable Dan FM Radio Wireless Bass Mini Stereo Original - LED Display Alarm;"Speaker Bluetooth bisa menjadi cara yang bagus untuk menikmati musik atau media lain tanpa perlu headphone. 

Ini juga dapat digunakan untuk rapat virtual atau untuk memutar musik latar saat bekerja.";Shopee;59900;https://shope.ee/AUNvmUxXZw;"";https://down-ws-id.img.susercontent.com/c61d163fe3aac4b9c7fd1f24a7bfbb56;2023-04-16 22:26:46;2023-04-16 22:26:46
86;Bohlam Speaker Musik Bluetooth 2 in 1;"Speaker Bluetooth bisa menjadi cara yang bagus untuk menikmati musik atau media lain tanpa perlu headphone. 

Ini juga dapat digunakan untuk rapat virtual atau untuk memutar musik latar saat bekerja. ";Shopee;23500;https://shope.ee/5UzFpMfYUz;"";https://down-ws-id.img.susercontent.com/88be83e0a47d0e06f25014fdf3bbda0e;2023-04-16 22:27:29;2023-04-16 22:27:29
87;Speaker T5b Bluetooth Wireless Mini Portable;"Speaker Bluetooth bisa menjadi cara yang bagus untuk menikmati musik atau media lain tanpa perlu headphone. 

Ini juga dapat digunakan untuk rapat virtual atau untuk memutar musik latar saat bekerja. ";Shopee;20300;https://shope.ee/2pyUeW1h7g;"";https://down-ws-id.img.susercontent.com/sg-11134201-22110-r8f3nhnsnojv22.webp;2023-04-16 22:28:31;2023-04-16 22:28:31
88;ACOME Super Bass Speaker Bluetooth 5.2 10W High Power 3 Playback Modes;"Speaker Bluetooth bisa menjadi cara yang bagus untuk menikmati musik atau media lain tanpa perlu headphone. 

Ini juga dapat digunakan untuk rapat virtual atau untuk memutar musik latar saat bekerja. ";Shopee;139900;https://shope.ee/A9l5O3hEgF;"";https://down-ws-id.img.susercontent.com/sg-11134201-22110-52ojdqls7xjv32.webp;2023-04-16 22:29:14;2023-04-16 22:29:14
89;GoPro HERO9 Black - HERO 9 Black 5K - Ultra Smooth Paket Komplit Original;"Kamera action berkualitas tinggi yang dapat menangkap video 5K dan foto 20MP yang menakjubkan. 

Ini juga tahan air dan memiliki fitur stabilisasi canggih, membuatnya sempurna untuk menangkap aktivitas di luar ruangan seperti memancing.";Shopee;5099000;https://shope.ee/1AqMl0l1nC;"";https://down-aka-id.img.susercontent.com/id-11134207-7qukw-lfm4md6cy4wifc.webp;2023-04-20 18:09:04;2023-04-20 18:09:04
90;GoPro Hero 10 Black Edition 23.6MP HyperSmooth 5.3K 60fps;"Kamera action berkualitas tinggi yang dapat menangkap video 5K dan foto 20MP yang menakjubkan. 

Ini juga tahan air dan memiliki fitur stabilisasi canggih, membuatnya sempurna untuk menangkap aktivitas di luar ruangan seperti memancing.";Shopee;5899000;https://shope.ee/7zggtrILgX;"";https://down-aka-id.img.susercontent.com/id-11134207-7qukx-lfm0wqhmvtd621.webp;2023-04-20 18:10:54;2023-04-20 18:10:54
91;GoPro Hero 11 Black Action Camera / Go Pro 11 Original Garansi Resmi - Gopro11+MicroSD;"Kamera action berkualitas tinggi yang dapat menangkap video 5K dan foto 20MP yang menakjubkan. 

Ini juga tahan air dan memiliki fitur stabilisasi canggih, membuatnya sempurna untuk menangkap aktivitas di luar ruangan seperti memancing.";Shopee;8799000;https://shope.ee/1L9mxgx6Kf;"";https://down-aka-id.img.susercontent.com/sg-11134201-22110-52wlg57257jv22.webp;2023-04-20 18:15:33;2023-04-20 18:15:33
92;Kuas Make Up Set E413 Set Kosmetic Brush Makeup Powder Eye Shadow Foundation Blusher Blending Beauty;"Satu set produk makeup berkualitas tinggi  yang mencakup lipstik, eyeliner, dan maskara. 

Sempurna untuk seseorang dengan orang yang suka bereksperimen dengan makeup.";Shopee;16870;https://shope.ee/40AY9XBmPQ;"";https://down-aka-id.img.susercontent.com/sg-11134201-22100-1s9jhk5zxliv62.webp;2023-04-20 18:26:01;2023-04-20 18:26:01
93;OSM JKT K5487 Sponge Makeup 7 in 1 / Sponge Bedak Make Up / Spons Make Up Set / Beauty Blender Sponge Bedak / Powder Puff Foundation;"Bedak makeup berkualitas tinggi.

Sempurna untuk seseorang yang suka bereksperimen dengan makeup.";Shopee;9800;https://shope.ee/A9lBUxqHPW;"";https://down-aka-id.img.susercontent.com/2e4309c8c39a108945325c6978c4ad32;2023-04-20 18:27:37;2023-04-20 18:27:37
94;MIISOO Make up Brush Set 13Pcs Kuas Makeup Set Kosmetic Brush Powder Eye Shadow Foundation Blusher Blending Beauty;"Satu set produk makeup berkualitas tinggi yang mencakup lipstik, eyeliner, dan maskara. 

Sempurna untuk seseorang yang suka bereksperimen dengan makeup.";Shopee;34900;https://shope.ee/AxpahhX5k;"";https://down-aka-id.img.susercontent.com/bd2defcd728594bf08f5e8b27341142e;2023-04-20 18:28:17;2023-04-20 18:28:17
95;PINKFLASH OhMyColor 1 Anniversary Makeup Beauty Sets The Hottest makeup Set Eye Makeup Set;"Satu set produk makeup berkualitas tinggi yang mencakup lipstik, eyeliner, dan maskara. 

Sempurna untuk seseorang yang suka bereksperimen dengan makeup.";Shopee;89000;https://shope.ee/2VLkN2olIv;"";https://down-aka-id.img.susercontent.com/id-11134207-7qul2-lfgi31gjqoiq7a.webp;2023-04-20 18:29:10;2023-04-20 18:29:10
96;Paket Hemat Super Lengkap 16 In 1 / Paket Kosmetik Lengkap / 1 Set Makeup Lengkap / Kecantikan Murah / Conture / FitMe 2 In 1 / Concealer;"Satu set produk makeup berkualitas tinggi yang mencakup lipstik, eyeliner, dan maskara. 

Sempurna untuk seseorang yang suka bereksperimen dengan makeup.";Shopee;97500;https://shope.ee/qDWO2gI9y;"";https://down-aka-id.img.susercontent.com/sg-11134201-22100-pfq4xsr7soive4.webp;2023-04-20 18:29:54;2023-04-20 18:29:54
97;O.TWO.O 3pcs / set Mascara + Eyeliner + Eyelash Curler Eye Makeup Set;"Satu set produk makeup berkualitas tinggi yang mencakup lipstik, eyeliner, dan maskara. 

Sempurna untuk seseorang yang suka bereksperimen dengan makeup.";Shopee;72000;https://shope.ee/99seJPiPqu;"";https://down-aka-id.img.susercontent.com/cn-11134207-7qukw-lfdgn686s2bc89.webp;2023-04-20 18:30:44;2023-04-20 18:30:44
98;PINKFLASH OhMyColor 1 Anniversary Makeup Beauty Sets The Hottest makeup Set Full Face Makeup Set;"Satu set produk makeup berkualitas tinggi yang mencakup lipstik, eyeliner, dan maskara. 

Sempurna untuk seseorang yang suka bereksperimen dengan makeup.";Shopee;299900;https://shope.ee/5zvcXdOSfJ;"";https://down-aka-id.img.susercontent.com/id-11134207-7qul1-lfqbatv35jmq8d.webp;2023-04-20 18:31:18;2023-04-20 18:31:18
99;PINKFLASH Happy2Pinkflash 2 Anniversary Full Makeup Set Face Eyes Lips Beauty Set Eyeshadow Eyeliner Lipstick;"Satu set produk makeup berkualitas tinggi yang mencakup lipstik, eyeliner, dan maskara. 

Sempurna untuk seseorang yang suka bereksperimen dengan makeup.";Shopee;95000;https://shope.ee/9p8L6iVP1M;"";https://down-aka-id.img.susercontent.com/id-11134201-7qul0-leqtezkoyai9fc.webp;2023-04-20 18:31:52;2023-04-20 18:31:52
100;PINKFLASH Makeup Beauty Set Christmas make up kecantikan kosmetik alis mascara eyebrow Makeup Set 6 Variations;"Satu set produk makeup berkualitas tinggi yang mencakup lipstik, eyeliner, dan maskara. 

Sempurna untuk seseorang yang suka bereksperimen dengan makeup.";Shopee;52500;https://shope.ee/1VTDBRZW6K;"";https://down-aka-id.img.susercontent.com/id-11134207-7qul2-lfge49q14fer43.webp;2023-04-20 18:32:33;2023-04-20 18:32:33
101;FOCALLURE 4PCS Professional Makeup set Beauty Makeup;"Satu set produk makeup berkualitas tinggi yang mencakup lipstik, eyeliner, dan maskara. 

Sempurna untuk seseorang yang suka bereksperimen dengan makeup.";Shopee;185000;https://shope.ee/5035LvpZYW;"";https://down-aka-id.img.susercontent.com/id-11134207-7qul9-lfgidabg71w240.webp;2023-04-20 18:33:17;2023-04-20 18:33:17
102;HC 13pcs Kuas Make Up Set Lengkap Pouch Lembut Set Kosmetic Brush Makeup Powder Eye Shadow Foundation Blusher Blending Beauty;"Satu set produk makeup berkualitas tinggi yang mencakup lipstik, eyeliner, dan maskara. 

Sempurna untuk seseorang yang suka bereksperimen dengan makeup.";Shopee;16869;https://shope.ee/LHFnOjzSE;"";https://down-aka-id.img.susercontent.com/id-11134201-7qul9-lexzlu1l72iv2e.webp;2023-04-20 18:33:56;2023-04-20 18:33:56
103;PINKFLASH 3PCS/ Set Makeup set Foundation+Liquid Concealer Long Lasting Matte Oil control Waterproof;"Satu set produk makeup berkualitas tinggi yang mencakup lipstik, eyeliner, dan maskara. 

Sempurna untuk seseorang yang suka bereksperimen dengan makeup.";Shopee;65900;https://shope.ee/30I0yLLZ5M;"";https://down-aka-id.img.susercontent.com/id-11134207-7qul4-lf7zkwlk469n7f.webp;2023-04-20 18:34:29;2023-04-20 18:34:29
104;GAMEN Titan Elite Keyboard Gaming Mechanical Keyboard Pluggable Port Blue/Red Switch Original PC Laptop - Garansi 1 Tahun;"Keyboard gaming mekanis dengan pencahayaan RGB yang dapat disesuaikan, cocok untuk gamer introvert yang suka bermain game dan menghabiskan waktu sendirian.";Shopee - Tokopedia;235900;https://shope.ee/1fnP1btCNW;https://tokopedia.link/VYbkWWFsXzb;https://down-ws-id.img.susercontent.com/id-11134207-7qul2-lftjwgjr2ljn0c.webp;2023-05-20 15:27:35;2023-05-20 15:27:35
105;AUXOM Paket Keyboard Gaming dan Mouse /Set Mouse Dan Keycaps Mechanical Keyboard Laptop USB Cable /Keyboard Komputer;"Keyboard gaming mekanis dengan pencahayaan RGB yang dapat disesuaikan, cocok untuk gamer introvert yang suka bermain game dan menghabiskan waktu sendirian.";Shopee ;85000;https://shope.ee/3VF3DCOcaL;"";https://down-lum-id.img.susercontent.com/sg-11134201-22110-j0fpgjtwqfkv89.webp;2023-05-20 15:29:49;2023-05-20 15:29:49
106;"Rexus Keyboard Gaming Mini Battlefire K68M
";"Keyboard gaming mekanis dengan pencahayaan RGB yang dapat disesuaikan, cocok untuk gamer introvert yang suka bermain game dan menghabiskan waktu sendirian.";Shopee - Tokopedia;219000;https://shope.ee/10XiEn3Ejg;https://tokopedia.link/xWGyOtZsXzb;https://down-lum-id.img.susercontent.com/5ab134f159631a669e025a2bd3e74bc1;2023-05-20 15:31:31;2023-05-20 15:31:31
107;Rexus Keyboard Gaming Mechanical Legionare MX5.2 TKL Finale;"Keyboard gaming mekanis dengan pencahayaan RGB yang dapat disesuaikan, cocok untuk gamer introvert yang suka bermain game dan menghabiskan waktu sendirian.";Shopee - Tokopedia;399000;https://shope.ee/9epgYueOAt;https://tokopedia.link/ZaAwb4ktXzb;https://down-lum-id.img.susercontent.com/9d413846441fb0cd96340d92c5e16eb1;2023-05-20 15:37:18;2023-05-20 15:37:18
108;Rak buku serbaguna lemari multi fungsi rak sepatu portable;"Rak Buku serbaguna sangat bermanfaat bagi mereka yang suka membaca, dapat menyimpan buku mereka dengan rapih";Shopee;30000;https://shope.ee/30Imd8rvPM;"";https://down-lum-id.img.susercontent.com/4bcb046028cfd182aecb1e779633f0e2;2023-05-20 15:41:54;2023-05-20 15:41:54
109;Rak buku susun rak portable rak serbaguna 3 TINGKAT 2 RUANG;"Rak Buku serbaguna sangat bermanfaat bagi mereka yang suka membaca, dapat menyimpan buku mereka dengan rapih";Shopee;30000;https://shope.ee/5zwOCke0n3;"";https://down-lum-id.img.susercontent.com/c716d33188c852cddcff8612f6a1c38d;2023-05-20 15:42:55;2023-05-20 15:42:55
110;Starlight Foldable Desktop Storage Buku Alat Tulis Rak Buku Meja Stationary ;"Rak Buku Meja sangat bermanfaat bagi mereka yang suka membaca, dapat menyimpan buku mereka dengan rapih di atas meja";Shopee;16500;https://shope.ee/9UWGNG2SlU;"";https://down-lum-id.img.susercontent.com/f9b2647452c60f1d1d2fc6e033007aae;2023-05-20 15:44:14;2023-05-20 15:44:14
111;DENNOS E58 Drone Camera Drone Quadcopter Auto Fokus include Remote Dan Kamera ORIGINAL;Drone kamera untuk memberikan perspektif baru dan memungkinkan teman Anda menangkap bidikan udara yang menakjubkan. Ini bisa menjadi hobi besar bagi individu introvert yang menghargai teknologi.;Shopee;214000;https://shope.ee/5V07ccqiIq;"";https://down-lum-id.img.susercontent.com/6c019dc1ccd31d8470a933775bd36dc3;2023-05-20 15:56:42;2023-05-20 15:56:42
112;INDIALO New Drone E88 Pro Mini RC 4K HD Camera WIFI FPV APP Controle Quadcopter Selfie Helikopter;Drone kamera untuk memberikan perspektif baru dan memungkinkan teman Anda menangkap bidikan udara yang menakjubkan. Ini bisa menjadi hobi besar bagi individu introvert yang menghargai teknologi.;Shopee;309000;https://shope.ee/5ANHEEUw0f;"";https://down-lum-id.img.susercontent.com/id-11134201-23030-voa5ajchz7nv46.webp;2023-05-20 15:58:02;2023-05-20 15:58:02
113;Reflektive Air Max 97 Triple White Black Import;Sepatu sneakers trendi yang memadukan mode dan kenyamanan;Shopee;299000;https://shope.ee/6fCEYnPtAo;"";https://down-lum-id.img.susercontent.com/id-11134207-7qukw-lh51vud5qkdscd.webp;2023-05-26 15:34:31;2023-05-26 15:34:31
114;Reflective Sepatu Sneakers Nike Air Max 97 Silver Bullet Triple White Black Undefeated;Sepatu kets trendi yang memadukan mode dan kenyamanan;Shopee;379000;https://shope.ee/6fCEZIUxur;"";https://down-lum-id.img.susercontent.com/id-11134207-7qukx-lg3o9dry1s64d8.webp;2023-05-26 15:41:50;2023-05-26 15:41:50
115;Sepatu Sneakers Air Max 97 Triple White;Sepatu sneakers trendi yang memadukan mode dan kenyamanan;Shopee;379000;https://shope.ee/qERcdYN17;"";https://down-lum-id.img.susercontent.com/id-11134207-7qukx-lg97ndsv8fzx03.webp;2023-05-26 15:42:53;2023-05-26 15:42:53
116;ORIGINAL Sepatu Nlke Cortez Stranger Things Hawkins High School White Green;Sepatu sneakers trendi yang memadukan mode dan kenyamanan;Shopee;399000;https://shope.ee/qERd9lm1A;"";https://down-lum-id.img.susercontent.com/id-11134207-7qukz-lgklw2mkfqwt1a.webp;2023-05-26 15:50:29;2023-05-26 15:50:29
117;"Sepatu Sneakers Cortez Classic White Black (Original) Bnwb
";Sepatu sneakers trendi yang memadukan mode dan kenyamanan;Shopee;399000;https://shope.ee/8pGj9vgAYz;"";https://down-lum-id.img.susercontent.com/id-11134207-7qul4-lgttsd84n9ik87.webp;2023-05-26 15:51:25;2023-05-26 15:51:25
118;PVN Kara Sepatu Sneakers Wanita Sport Shoes White 354;Sepatu sneakers trendi yang memadukan mode dan kenyamanan;Shopee;149999;https://shope.ee/3ps3Co1zJQ;"";https://down-lum-id.img.susercontent.com/id-11134207-7qul9-lgnfj834vcxv63.webp;2023-05-26 15:52:11;2023-05-26 15:52:11
119;"PVN Yeri Sepatu Sneakers Wanita Casual Sport Shoes 320
";Sepatu sneakers trendi yang memadukan mode dan kenyamanan;Shopee;149999;https://shope.ee/4V7k03PAZ3;"";https://down-lum-id.img.susercontent.com/id-11134207-7qul0-lh5nwhirzqfw8f.webp;2023-05-26 15:52:51;2023-05-26 15:52:51
120;PVN Seola Sepatu Sneakers Wanita Import Sport Shoes 279;Sepatu sneakers trendi yang memadukan mode dan kenyamanan;Shopee;159999;https://shope.ee/6zp4yhAJcj;"";https://down-lum-id.img.susercontent.com/id-11134207-7qukz-lh5nwhis150cdd.webp;2023-05-26 15:53:42;2023-05-26 15:53:42
121;Aerostreet 36-45 Osaka Putih - Sepatu Sneakers Casual Pria Wanita Aero Street 21HH20;Sepatu sneakers trendi yang memadukan mode dan kenyamanan;Shopee;149900;https://shope.ee/8A12Mxl2lh;"";https://down-lum-id.img.susercontent.com/sg-11134201-23010-3quhdupaltlv06.webp;2023-05-26 15:55:26;2023-05-26 15:55:26
122;Aerostreet 37-44 Osaka All Black - Sepatu Sneakers Sport;Sepatu sneakers trendi yang memadukan mode dan kenyamanan;Shopee;149900;https://shope.ee/AK5Wx0AVRn;"";https://down-lum-id.img.susercontent.com/sg-11134201-23010-noznbru9ktlv44.webp;2023-05-26 15:56:19;2023-05-26 15:56:19
123;OLEVS Jam Tangan Pria Anti Air Original Kulit Tahan Lama Led Hitam Putih Terbaru 2022 Luxury Chronograph Watch Men ;Jam tangan canggih dan bergaya yang melengkapi selera fashion yang glamor;Shopee;245000;https://shope.ee/6fCJJ9JFYo;"";https://down-ws-id.img.susercontent.com/192c98017253cd7e3b678bc2a4f35543;2023-05-29 15:01:27;2023-05-29 15:01:27
124;WISHDOIT Jam Tangan Pria Original Anti Air Laki Laki Cowok Kulit Tahan Air LED Digital Hitam Keemasan Multifungsi Watch Men Chronograph Sports Waterproof Stainless Luxury Brand;Jam tangan canggih dan bergaya yang melengkapi selera fesyennya yang glamor.;Shopee;285000;https://shope.ee/5zwcW3wI7e;"";https://down-ws-id.img.susercontent.com/id-11134207-7qul8-lfaml7osmy4d93.webp;2023-05-29 15:02:49;2023-05-29 15:02:49
125;OLEVS Jam Tangan Pria Original Anti Air Kulit Tahan Keren Led Hitam Coklat Luxury Chronograph Watch Men Multifungsi;Jam tangan canggih dan bergaya yang melengkapi selera fesyennya yang glamor.;Shopee;245000;https://shope.ee/8UdxUiBkpA;"";https://down-ws-id.img.susercontent.com/16dcb49d59f63df6e6f53d603c8242df;2023-05-29 15:03:37;2023-05-29 15:03:37
126;Aokeyo S230 Jam Tangan Pria Anti Air ORI Luxury Bisnis Quartz Watch（Free BOX+Kartu）;Jam tangan canggih dan bergaya yang melengkapi selera fesyennya yang glamor.;Shopee;79999;https://shope.ee/5V0LvFmZG5;"";https://down-ws-id.img.susercontent.com/id-11134201-23030-shd2vffq9dovee.webp;2023-05-29 15:04:25;2023-05-29 15:04:25
127;OLEVS Jam Tangan Pria Anti Air Original Rantai Keren Terbaru Mewah 2023 Luxury Stainless Steel Chronograph Watch Men Cod;Jam tangan canggih dan bergaya yang melengkapi selera fesyennya yang glamor.;Shopee;285000;https://shope.ee/9KD4UKoYja;"";https://down-ws-id.img.susercontent.com/id-11134207-7qul4-lgxcodg8mczn8d.webp;2023-05-29 15:05:09;2023-05-29 15:05:09
128;Verifel Piyama Abu Polos Baju Tidur Pria/wanita Remaja/dewasa/jumbo Katun Lembut Berkualitas Promo Murah Setelan Cp / Pp Fit To 90kg 175cm ;Piyama nyaman untuk relaksasi dan tidur akhir pekan.;Shopee;44900;https://shope.ee/2fgAYOb89R;"";https://down-ws-id.img.susercontent.com/id-11134207-23030-qi8i20q8sgov6c.webp;2023-05-29 15:09:37;2023-05-29 15:09:37
129;Verifel Piyama Polos Baju Tidur Pria/wanita Remaja/dewasa/jumbo Katun Setelan Cp / Pp Fit To 90kg 175cm;Piyama nyaman untuk relaksasi dan tidur akhir pekan.;Shopee;45000;https://shope.ee/7UlQJMpuNc;"";https://down-ws-id.img.susercontent.com/sg-11134201-22110-h6wz12oru0jv9b.webp;2023-05-29 15:10:52;2023-05-29 15:10:52
130;Verifel Piyama Salur - Kotak Baju Tidur Pria/wanita Remaja/dewasa/jumbo Katun Setelan Cp/pp Fit To Bb 90kg Tb 175;Piyama nyaman untuk relaksasi dan tidur akhir pekan.;Shopee;45000;https://shope.ee/2pzakr1j9M;"";https://down-ws-id.img.susercontent.com/50f9c253e99131ccef59c6dc789b4d88;2023-05-29 15:11:49;2023-05-29 15:11:49
131;Piyama Polos Baju Tidur Pria/ Wanita Remaja/dewasa Katun Pp Harga Grosir!!!;Piyama nyaman untuk relaksasi dan tidur akhir pekan.;Shopee;59900;https://shope.ee/6fCJJzki6e;"";https://down-ws-id.img.susercontent.com/id-11134207-23030-hz5be0ax7xov64.webp;2023-05-29 15:13:47;2023-05-29 15:13:47
132;VeRiFel Piyama Polos Baju Tidur Pria/Wanita Remaja/Dewasa/Jumbo Katun Lembut Fit to 90kg / 175cm;Piyama nyaman untuk relaksasi dan tidur akhir pekan.;Shopee;44900;https://shope.ee/8exNhkNsTQ;"";https://down-ws-id.img.susercontent.com/id-11134207-23030-il7k026i2wovdb.webp;2023-05-29 15:14:38;2023-05-29 15:14:38
133;"Cleopatra Piyama Pria HP ( M, L, XXL ) Bahan Microtex / Motif Karakter / Setelan Baju Tidur Celana Pendek ";Piyama nyaman untuk relaksasi dan tidur akhir pekan.;Shopee;37000;https://shope.ee/8exNhnn8Ib;"";https://down-ws-id.img.susercontent.com/sg-11134201-22120-wizbq3jj25kv6b.webp;2023-05-29 15:15:22;2023-05-29 15:15:22
